name,card_number,card_password
Diana Pedrina,20230418-N,pedrina
Adrian Santos,20230101-N,santos
Aileen Cruz,20230102-N,cruz
Albert Mendoza,20230103-N,mendoza
Alyssa Gomez,20230104-N,gomez
Andrew Villanueva,20230105-N,villanueva
Angelica Ramos,20230106-N,ramos
Anthony Flores,20230107-N,flores
Arnel Dela Cruz,20230108-N,delacruz
Bea Fernandez,20230109-N,fernandez
Brandon Lopez,20230110-N,lopez
Carla Jimenez,20230111-N,jimenez
Catherine Bautista,20230112-N,bautista
Christian Navarro,20230113-N,navarro
Christine Reyes,20230114-N,reyes
Daniel Castillo,20230115-N,castillo
Diana Pedrina,20230116-N,pedrina
Dominic Ocampo,20230117-N,ocampo
Elaine Torres,20230118-N,torres
Emmanuel Vargas,20230119-N,vargas
Erika Lim,20230120-N,lim
Francis De Leon,20230121-N,de leon
Gabriel Cruz,20230122-N,cruz
Giselle Pineda,20230123-N,pineda
Hannah Tan,20230124-N,tan
Ian Velasco,20230125-N,velasco
Isabel Gonzales,20230126-N,gonzales
Jacob Rivera,20230127-N,rivera
James Aquino,20230128-N,aquino
Jasmine Uy,20230129-N,uy
Jessica Dominguez,20230130-N,dominguez
John Paul Salazar,20230131-N,salazar
Joshua Hernandez,20230132-N,hernandez
Julia Robles,20230133-N,robles
Karen Sy,20230134-N,sy
Kevin Marquez,20230135-N,marquez
Kristine Pascual,20230136-N,pascual
Lance Ong,20230137-N,ong
Larissa Yumul,20230138-N,yumul
Leonard Francisco,20230139-N,francisco
Maria Dizon,20230140-N,dizon
Mark Evangelista,20230141-N,evangelista
Martin Chua,20230142-N,chua
Melissa Tan,20230143-N,tan
Michael Santos,20230144-N,santos
Michelle Go,20230145-N,go
Nathaniel Lim,20230146-N,lim
Nicole Reyes,20230147-N,reyes
Patrick Sy,2020148-N,sy
Pauline Javier,20230149-N,javier
Samuel Ortega,20230150-N,ortega
